{
  "input_data": {
    "columns": [
      "Column2",
      "unixTimestamp",
      "CP3",
      "C3",
      "F5",
      "PO3",
      "PO4",
      "F6",
      "C4",
      "CP4"
    ],
    "index": [
      0,
      1,
      2,
      3,
      4,
      5,
      6,
      7,
      8,
      9
    ],
    "data": [
      1,
      1674926223360,
      -3831.309919,
      -463.1668664,
      796.4329514,
      -1498.763561,
      -913.5245334,
      -755.1958722,
      -1183.419976,
      -4986.276105
    ]
  }
}

{
  "input_data": {
    "columns": [
      "Column2",
      "unixTimestamp",
      "CP3",
      "C3",
      "F5",
      "PO3",
      "PO4",
      "F6",
      "C4",
      "CP4"
    ],
    "index": [],
    "data": [
      "1",
      "1674926223360",
      "-3831.309919",
      "-463.1668664",
      "796.4329514",
      "-1498.763561",
      "-913.5245334",
      "-755.1958722",
      "-1183.419976",
      "-4986.276105"
    ]
  }
}